﻿<?xml version="1.0"?>
<doc>
<assembly>
<name>
SysproQ.BLL
</name>
</assembly>
<members>
<member name="T:SysproQ.BLL.My.Resources.Resources">
<summary>
  A strongly-typed resource class, for looking up localized strings, etc.
</summary>
</member>
<member name="P:SysproQ.BLL.My.Resources.Resources.ResourceManager">
<summary>
  Returns the cached ResourceManager instance used by this class.
</summary>
</member>
<member name="P:SysproQ.BLL.My.Resources.Resources.Culture">
<summary>
  Overrides the current thread's CurrentUICulture property for all
  resource lookups using this strongly typed resource class.
</summary>
</member>
<member name="M:SysproQ.BLL.SORTOI.ProcessPost.CreateOrderMasterChangeOnlyXmlIn">
 <summary>
 Create or maintain sales order master data only
 Customer
 Delivery Address
 Purchase Order No
 </summary>
 
 <returns></returns>
 <remarks></remarks>
</member>
<member name="M:SysproQ.BLL.SORTOI.ProcessPost.CreateOrderMasterAndDetailXmlIn">
 <summary>
 Create or maintain all item lines supplied
 </summary>
 <returns></returns>
 <remarks></remarks>
 
</member>
</members>
</doc>
